[{"titulo":"asd","articulo":"asd","mas":"asd","collection":"posts","id":1,"active":false,"created_dttm":"2018-4-22 11:14:36"},{"titulo":"a","articulo":"a","mas":"a","collection":"posts","id":2},{"titulo":"aa","articulo":"asd","mas":"ad","collection":"posts","id":3,"active":false,"created_dttm":"2018-4-22 11:21:45"},{"titulo":"a","articulo":"a","mas":"a","collection":"posts","id":4,"active":false,"created_dttm":"2018-4-22 11:22:20"},{"titulo":"a","articulo":"a","mas":"a","collection":"posts","id":5,"active":false,"created_dttm":"2018-4-22 11:25:17"},{"titulo":"asd","articulo":"asd","mas":"asd","collection":"posts","id":6,"active":true,"created_dttm":"2018-4-22 11:27:31"},{"titulo":"b","articulo":"b","mas":"b","collection":"posts","id":7},{"titulo":"asd","articulo":"asd","mas":"asd","collection":"posts","id":8,"active":false,"created_dttm":"2018-4-22 11:40:55"},{"titulo":"g","articulo":"g","mas":"g","collection":"posts","id":9,"active":true,"created_dttm":"2018-4-22 11:43:11"},{"titulo":"f","articulo":"f","mas":"f","collection":"posts","id":10,"active":true,"created_dttm":"2018-4-22 11:56:45"},{"titulo":"h","articulo":"h","mas":"h","collection":"posts","id":11,"active":false,"created_dttm":"2018-4-23 20:39:25"},{"titulo":"asda","articulo":"iasda","mas":"iasdasdasd","collection":"posts","id":12,"active":true,"created_dttm":"2018-4-23 20:40:24"},{"titulo":"asdassdasdasdsd","articulo":"aaaaaaaaaaaaaaaaaaaaaaaaaaaaaad","mas":"ddddddddddddddddddddddd","collection":"posts","id":13,"active":false,"created_dttm":"2018-4-24 11:58:44"},{"titulo":"asdassdasdasdsd","articulo":"aaaaaaaaaaaaaaaaaaaaaaaaaaaaaad","mas":"ddddddddddddddddddddddd","collection":"posts","id":14,"active":false,"created_dttm":"2018-4-24 11:58:49"}]