[{"id":1,"first_name":"Lezley","email":"lyoslowitz0@printfriendly.com","gender":"Male"},
{"id":2,"first_name":"Baxter","email":"bmatthieson1@free.fr","gender":"Male"},
{"id":3,"first_name":"Olympia","email":"oalenov2@answers.com","gender":"Female"},
{"id":4,"first_name":"Nikki","email":"ntyndall3@reddit.com","gender":"Female"},
{"id":5,"first_name":"Fanny","email":"fcausley4@zimbio.com","gender":"Female"},
{"id":6,"first_name":"Gino","email":"griditch5@fotki.com","gender":"Male"},
{"id":7,"first_name":"Spike","email":"slegonidec6@merriam-webster.com","gender":"Male"},
{"id":8,"first_name":"Clarance","email":"ckillcross7@ucoz.ru","gender":"Male"},
{"id":9,"first_name":"Sully","email":"scolloff8@clickbank.net","gender":"Male"},
{"id":10,"first_name":"Mackenzie","email":"mhitter9@census.gov","gender":"Male"}]